Workbook

Sheet 0-Dashboard
A1: NEFALIX AI — YÖNETİCİ KONTROL PANELİ
A2: 18 June 2026 | Medident İstanbul Pilot | Gizli — Yönetim Kurulu
B3: HEDEF MRR (12. ay) | D3: HEDEF KLİNİK | F3: BAŞABAŞ AYI | H3: YIL 1 NET
B4: =Finans!N35 | D4: =Finans!N33 | F4: =Finans!N37 | H4: =Finans!N39
B5: Formül: finans modeli | D5: Aktif ödeyen | F5: MRR ≥ toplam gider | H5: Kümülatif nakit
B7: ÖNERİLEN PAKET | D7: BRÜT MARJ | F7: LTV / CAC | H7: PİLOT MALİYET
B8: 7.990 ₺/ay | D8: %82 | F8: 12x | H8: ~6.000 ₺/ay
B9: Profesyonel | D9: Klinik başı | F9: Sağlıklı >3x | H9: Meta API hariç
B11: TEK CÜMLELİK HİKÂYE (yönetim kuruluna okunur)
B12: Nefalix, diş kliniklerinin WhatsApp mesajlarını kaçırmamasını, memnun hastaları Google'a yönlendirmesini ve şikâyetleri erken yakalamasını sağlayan Türkiye sunuculu bir yazılımdır. Medident'te pilot kuruldu; sunucu kimlik doğrulaması nedeniyle geçici duraklama var. Hedef: 12 ayda 8 ödeyen klinik, aylık ~64.000 ₺ tekrarlayan gelir. Yıl 1 yatırım yılıdır (~2,1M ₺); yıl 2'de kâra geçiş mümkün.
A16: Öncelik | B16: Ne? | C16: Ne zaman? | D16: Kim? | E16: Bütçe
A17: P0 | B17: VPS askıyı kaldır, pilotu başlat | C17: Haz 2026 | D17: Teknik | E17: 0 ₺
A18: P0 | B18: KVKK + İYS hukuki altyapı | C18: Tem 2026 | D18: Hukuk | E18: 31.000 ₺
A19: P1 | B19: Inbox + Google onay ekranı | C19: Ağu 2026 | D19: Geliştirme | E19: Dahili
A20: P1 | B20: Medident case study + 2. klinik | C20: Eyl 2026 | D20: Satış | E20: 3.000 ₺
A21: P2 | B21: WhatsApp resmi API geçişi | C21: Kas 2026 | D21: Teknik | E21: ~24.000 ₺/yıl
B22: SAYFA REHBERİ — bu dosyada nerede ne var?
A23: Sayfa | B23: Açıklama
A24: 0-Dashboard | B24: Bu sayfa — özet KPI
A25: A-Girdiler | B25: Varsayımları değiştirin → finans otomatik güncellenir
A26: Finans | B26: 24 aylık nakit akışı + grafikler
A27: Duyarlılık | B27: Fiyat / klinik sayısı what-if
A28: API Maliyet | B28: Klinik hacmine göre API hesabı
A29: Yol Haritası | B29: Fazlar + Gantt
A30: Fiyatlandırma | B30: Paketler + ROI
A31: Uyumluluk | B31: KVKK / İYS checklist
A32: Uzman Görüşmeleri | B32: 5 disiplin Q&A
A33: Sunum | B33: Tek sayfa — projeksiyon cihazına

Sheet Sunum
B2: NEFALIX AI
B3: Diş Klinikleri İçin Hasta İletişim & İtibar Platformu
B5: SORUN Klinikler WhatsApp mesajını kaçırıyor, yorumlara geç yanıt veriyor. | C5: ÇÖZÜM Tek panel: inbox, NPS, Google AI, itibar takibi — Türkiye sunucu. | D5: PAZAR 4.000 dijital olgun klinik (TR) Hedef: 150 klinik / 3 yıl | E5: TRAKSİYON Medident İstanbul pilot Panel + 8 modül kurulu
B10: İŞ MODELİ
B11: Başlangıç 4.990 ₺ | Profesyonel 7.990 ₺ | Kurumsal 14.990 ₺ | + kurulum ücreti
B13: 12 AY HEDEF
B14: =Finans!N33&" klinik | "&TEXT(Finans!N35,"#,##0")&" ₺ MRR | Yıl 1 yatırım: ~2,1M ₺"
B16: YATIRIM İHTİYACI
B17: 500K ₺ başlangıç nakit (mevcut) + opsiyonel 1-1,5M ₺ seed Kullanım: geliştirici, satış, hukuk, altyapı, 18 ay runway
B20: SORULACAK ONAYLAR
B21: ☐ Yıllık bütçe onayı ☐ Medident referans izni ☐ KVKK hukuk bütçesi ☐ Freelance dev işe alım
B23: nefalixai.com | 18.06.2026 | Gizli

Sheet A-Girdiler
A1: MODEL GİRDİLERİ
A2: Sarı hücreleri değiştirin — Finans ve Duyarlılık sayfaları güncellenir
A4: Parametre | B4: Değer | C4: Açıklama
A5: KUR — USD/TRY | B5: 38 | C5: API faturaları için
A6: ORTALAMA PAKET (₺/ay) | B6: 7990 | C6: Profesyonel paket ARPU
A7: KURULUM ÜCRETİ (₺) | B7: 14900 | C7: Tek seferlik onboarding
A8: AYLIK CHURN (%) | B8: 4 | C8: Örn. 4 → formülde %4 kullanılır
A9: SABİT GİDER (₺/ay) | B9: 8500 | C9: Altyapı + hukuk + araçlar (dev hariç)
A10: DEĞİŞKEN GİDER (₺/klinik/ay) | B10: 1350 | C10: OpenAI + WhatsApp payı
A11: FREELANCE DEV (₺/ay) | B11: 45000 | C11: Yarı zamanlı geliştirici
A12: SATIŞ (₺/ay) — başlangıç ayı | B12: 7 | C12: Hangi aydan itibaren
A13: SATIŞ MAAŞ (₺/ay) | B13: 30000 | C13: Yarı zamanlı
A14: DESTEK (₺/ay) — başlangıç ayı | B14: 10 | C14: 5+ klinik sonrası
A15: DESTEK MAAŞ (₺/ay) | B15: 22000 | C15: Part-time
A16: BAŞLANGIÇ NAKİT (₺) | B16: 500000 | C16: Yatırım / öz kaynak
A17: CAC (₺/yeni klinik) | B17: 12000 | C17: Satış + pazarlama
A20: YENİ KLİNİK RAMPASI (aylık eklenen ödeyen klinik)
A21: Ay | B21: Yeni klinik | C21: Not
A22: Ay 1 | B22: 0 | C22: Pilot
A23: Ay 2 | B23: 0 | C23: Pilot
A24: Ay 3 | B24: 0 | C24: Pilot
A25: Ay 4 | B25: 0 | C25: Pilot
A26: Ay 5 | B26: 1 | C26: İlk satış
A27: Ay 6 | B27: 0
A28: Ay 7 | B28: 1
A29: Ay 8 | B29: 1
A30: Ay 9 | B30: 1
A31: Ay 10 | B31: 2
A32: Ay 11 | B32: 1
A33: Ay 12 | B33: 1
A34: Ay 13 | B34: 1
A35: Ay 14 | B35: 1
A36: Ay 15 | B36: 2
A37: Ay 16 | B37: 1
A38: Ay 17 | B38: 1
... A45: Ay 24 | B45: 1

Sheet Finans
A1: 24 AYLIK FİNANSAL MODEL
A2: Tüm tutarlar ₺ — formüller A-Girdiler sayfasına bağlı
A4: Ay | B4: Yeni | C4: Churn | D4: Aktif | E4: MRR | F4: Kurulum | G4: Gider | H4: Net | I4: Kümülatif | J4: Burn/mo
A5: 1 | B5: ='A-Girdiler'!B22 | C5: 0 | D5: =B5 | E5: =D5*'A-Girdiler'!$B$6 | F5: =B5*'A-Girdiler'!$B$7 | G5: ='A-Girdiler'!$B$9+D5*'A-Girdiler'!$B$10+'A-Girdiler'!$B$11+IF(A5>='A-Girdiler'!$B$12,'A-Girdiler'!$B$13,0)+IF(A5>='A-Girdiler'!$B$14,'A-Girdiler'!$B$15,0)+B5*'A-Girdiler'!$B$17 | H5: =E5+F5-G5 | I5: ='A-Girdiler'!$B$16+H5 | J5: =IF(H5<0,-H5,0)
A6: 2 | B6: ='A-Girdiler'!B23 | C6: =ROUND(D5*'A-Girdiler'!$B$8/100,2) | D6: =MAX(0,D5-C6+B6) | E6: =D6*'A-Girdiler'!$B$6 | F6: =B6*'A-Girdiler'!$B$7 | G6: ='A-Girdiler'!$B$9+D6*'A-Girdiler'!$B$10+'A-Girdiler'!$B$11+IF(A6>='A-Girdiler'!$B$12,'A-Girdiler'!$B$13,0)+IF(A6>='A-Girdiler'!$B$14,'A-Girdiler'!$B$15,0)+B6*'A-Girdiler'!$B$17 | H6: =E6+F6-G6 | I6: =I5+H6 | J6: =IF(H6<0,-H6,0)
A7: 3 | B7: ='A-Girdiler'!B24 | C7: =ROUND(D6*'A-Girdiler'!$B$8/100,2) | D7: =MAX(0,D6-C7+B7) | E7: =D7*'A-Girdiler'!$B$6 | F7: =B7*'A-Girdiler'!$B$7 | G7: ='A-Girdiler'!$B$9+D7*'A-Girdiler'!$B$10+'A-Girdiler'!$B$11+IF(A7>='A-Girdiler'!$B$12,'A-Girdiler'!$B$13,0)+IF(A7>='A-Girdiler'!$B$14,'A-Girdiler'!$B$15,0)+B7*'A-Girdiler'!$B$17 | H7: =E7+F7-G7 | I7: =I6+H7 | J7: =IF(H7<0,-H7,0)
A8: 4 | B8: ='A-Girdiler'!B25 | C8: =ROUND(D7*'A-Girdiler'!$B$8/100,2) | D8: =MAX(0,D7-C8+B8) | E8: =D8*'A-Girdiler'!$B$6 | F8: =B8*'A-Girdiler'!$B$7 | G8: ='A-Girdiler'!$B$9+D8*'A-Girdiler'!$B$10+'A-Girdiler'!$B$11+IF(A8>='A-Girdiler'!$B$12,'A-Girdiler'!$B$13,0)+IF(A8>='A-Girdiler'!$B$14,'A-Girdiler'!$B$15,0)+B8*'A-Girdiler'!$B$17 | H8: =E8+F8-G8 | I8: =I7+H8 | J8: =IF(H8<0,-H8,0)
A9: 5 | B9: ='A-Girdiler'!B26 | C9: =ROUND(D8*'A-Girdiler'!$B$8/100,2) | D9: =MAX(0,D8-C9+B9) | E9: =D9*'A-Girdiler'!$B$6 | F9: =B9*'A-Girdiler'!$B$7 | G9: ='A-Girdiler'!$B$9+D9*'A-Girdiler'!$B$10+'A-Girdiler'!$B$11+IF(A9>='A-Girdiler'!$B$12,'A-Girdiler'!$B$13,0)+IF(A9>='A-Girdiler'!$B$14,'A-Girdiler'!$B$15,0)+B9*'A-Girdiler'!$B$17 | H9: =E9+F9-G9 | I9: =I8+H9 | J9: =IF(H9<0,-H9,0)
A10: 6 | B10: ='A-Girdiler'!B27 | C10: =ROUND(D9*'A-Girdiler'!$B$8/100,2) | D10: =MAX(0,D9-C10+B10) | E10: =D10*'A-Girdiler'!$B$6 | F10: =B10*'A-Girdiler'!$B$7 | G10: ='A-Girdiler'!$B$9+D10*'A-Girdiler'!$B$10+'A-Girdiler'!$B$11+IF(A10>='A-Girdiler'!$B$12,'A-Girdiler'!$B$13,0)+IF(A10>='A-Girdiler'!$B$14,'A-Girdiler'!$B$15,0)+B10*'A-Girdiler'!$B$17 | H10: =E10+F10-G10 | I10: =I9+H10 | J10: =IF(H10<0,-H10,0)
A11: 7 | B11: ='A-Girdiler'!B28 | C11: =ROUND(D10*'A-Girdiler'!$B$8/100,2) | D11: =MAX(0,D10-C11+B11) | E11: =D11*'A-Girdiler'!$B$6 | F11: =B11*'A-Girdiler'!$B$7 | G11: ='A-Girdiler'!$B$9+D11*'A-Girdiler'!$B$10+'A-Girdiler'!$B$11+IF(A11>='A-Girdiler'!$B$12,'A-Girdiler'!$B$13,0)+IF(A11>='A-Girdiler'!$B$14,'A-Girdiler'!$B$15,0)+B11*'A-Girdiler'!$B$17 | H11: =E11+F11-G11 | I11: =I10+H11 | J11: =IF(H11<0,-H11,0)
A12: 8 | B12: ='A-Girdiler'!B29 | C12: =ROUND(D11*'A-Girdiler'!$B$8/100,2) | D12: =MAX(0,D11-C12+B12) | E12: =D12*'A-Girdiler'!$B$6 | F12: =B12*'A-Girdiler'!$B$7 | G12: ='A-Girdiler'!$B$9+D12*'A-Girdiler'!$B$10+'A-Girdiler'!$B$11+IF(A12>='A-Girdiler'!$B$12,'A-Girdiler'!$B$13,0)+IF(A12>='A-Girdiler'!$B$14,'A-Girdiler'!$B$15,0)+B12*'A-Girdiler'!$B$17 | H12: =E12+F12-G12 | I12: =I11+H12 | J12: =IF(H12<0,-H12,0)
A13: 9 | B13: ='A-Girdiler'!B30 | C13: =ROUND(D12*'A-Girdiler'!$B$8/100,2) | D13: =MAX(0,D12-C13+B13) | E13: =D13*'A-Girdiler'!$B$6 | F13: =B13*'A-Girdiler'!$B$7 | G13: ='A-Girdiler'!$B$9+D13*'A-Girdiler'!$B$10+'A-Girdiler'!$B$11+IF(A13>='A-Girdiler'!$B$12,'A-Girdiler'!$B$13,0)+IF(A13>='A-Girdiler'!$B$14,'A-Girdiler'!$B$15,0)+B13*'A-Girdiler'!$B$17 | H13: =E13+F13-G13 | I13: =I12+H13 | J13: =IF(H13<0,-H13,0)
A14: 10 | B14: ='A-Girdiler'!B31 | C14: =ROUND(D13*'A-Girdiler'!$B$8/100,2) | D14: =MAX(0,D13-C14+B14) | E14: =D14*'A-Girdiler'!$B$6 | F14: =B14*'A-Girdiler'!$B$7 | G14: ='A-Girdiler'!$B$9+D14*'A-Girdiler'!$B$10+'A-Girdiler'!$B$11+IF(A14>='A-Girdiler'!$B$12,'A-Girdiler'!$B$13,0)+IF(A14>='A-Girdiler'!$B$14,'A-Girdiler'!$B$15,0)+B14*'A-Girdiler'!$B$17 | H14: =E14+F14-G14 | I14: =I13+H14 | J14: =IF(H14<0,-H14,0)
A15: 11 | B15: ='A-Girdiler'!B32 | C15: =ROUND(D14*'A-Girdiler'!$B$8/100,2) | D15: =MAX(0,D14-C15+B15) | E15: =D15*'A-Girdiler'!$B$6 | F15: =B15*'A-Girdiler'!$B$7 | G15: ='A-Girdiler'!$B$9+D15*'A-Girdiler'!$B$10+'A-Girdiler'!$B$11+IF(A15>='A-Girdiler'!$B$12,'A-Girdiler'!$B$13,0)+IF(A15>='A-Girdiler'!$B$14,'A-Girdiler'!$B$15,0)+B15*'A-Girdiler'!$B$17 | H15: =E15+F15-G15 | I15: =I14+H15 | J15: =IF(H15<0,-H15,0)
A16: 12 | B16: ='A-Girdiler'!B33 | C16: =ROUND(D15*'A-Girdiler'!$B$8/100,2) | D16: =MAX(0,D15-C16+B16) | E16: =D16*'A-Girdiler'!$B$6 | F16: =B16*'A-Girdiler'!$B$7 | G16: ='A-Girdiler'!$B$9+D16*'A-Girdiler'!$B$10+'A-Girdiler'!$B$11+IF(A16>='A-Girdiler'!$B$12,'A-Girdiler'!$B$13,0)+IF(A16>='A-Girdiler'!$B$14,'A-Girdiler'!$B$15,0)+B16*'A-Girdiler'!$B$17 | H16: =E16+F16-G16 | I16: =I15+H16 | J16: =IF(H16<0,-H16,0)
A17: 13 | B17: ='A-Girdiler'!B34 | C17: =ROUND(D16*'A-Girdiler'!$B$8/100,2) | D17: =MAX(0,D16-C17+B17) | E17: =D17*'A-Girdiler'!$B$6 | F17: =B17*'A-Girdiler'!$B$7 | G17: ='A-Girdiler'!$B$9+D17*'A-Girdiler'!$B$10+'A-Girdiler'!$B$11+IF(A17>='A-Girdiler'!$B$12,'A-Girdiler'!$B$13,0)+IF(A17>='A-Girdiler'!$B$14,'A-Girdiler'!$B$15,0)+B17*'A-Girdiler'!$B$17 | H17: =E17+F17-G17 | I17: =I16+H17 | J17: =IF(H17<0,-H17,0)
... A28: 24 | B28: ='A-Girdiler'!B45 | C28: =ROUND(D27*'A-Girdiler'!$B$8/100,2) | D28: =MAX(0,D27-C28+B28) | E28: =D28*'A-Girdiler'!$B$6 | F28: =B28*'A-Girdiler'!$B$7 | G28: ='A-Girdiler'!$B$9+D28*'A-Girdiler'!$B$10+'A-Girdiler'!$B$11+IF(A28>='A-Girdiler'!$B$12,'A-Girdiler'!$B$13,0)+IF(A28>='A-Girdiler'!$B$14,'A-Girdiler'!$B$15,0)+B28*'A-Girdiler'!$B$17 | H28: =E28+F28-G28 | I28: =I27+H28 | J28: =IF(H28<0,-H28,0)
A33: MODEL ÖZETİ | N33: =D28
A34: Aktif klinik (ay 12) | B34: =D28 | N34: =D28
A35: Aktif klinik (ay 24) | B35: =D40 | N35: =E28
A36: MRR ay 12 | B36: =E28 | N36: =E28
A37: MRR ay 24 | B37: =E40 | N37: =IFERROR(MATCH(TRUE,E5:E28>=G5:G28,0)&". ay","12+")
A38: Başabaş ayı | B38: =IFERROR(MATCH(TRUE,E5:E28>=G5:G28,0),">12")
A39: Toplam kurulum geliri Y1 | B39: =SUM(F5:F16) | N39: =I16-'A-Girdiler'!$B$16
A40: Yıl 1 net (kümülatif ay 12 - başlangıç) | B40: =I16-'A-Girdiler'!$B$16
A41: Yıl 2 MRR (ay 24) | B41: =E40
A42: Ortalama aylık burn Y1 | B42: =AVERAGE(J5:J16) | N42: =AVERAGE(J5:J16)
A43: Runway (ay) — başlangıç/burn | B43: =IF(J16>0,'A-Girdiler'!$B$17/J16,">24") | N43: =IF(N42>0,'A-Girdiler'!$B$16/N42,">24")

Sheet Duyarlılık
A1: DUYARLILIK ANALİZİ
A2: Paket fiyatı × klinik sayısı → yıllık gelir (₺)
A4: Klinik ↓ / Fiyat → | B4: 4990 | C4: 5990 | D4: 6990 | E4: 7990 | F4: 8990 | G4: 9990 | H4: 11990 | I4: 14990
A5: 3 | B5: 179640 | C5: 215640 | D5: 251640 | E5: 287640 | F5: 323640 | G5: 359640 | H5: 431640 | I5: 539640
A6: 5 | B6: 299400 | C6: 359400 | D6: 419400 | E6: 479400 | F6: 539400 | G6: 599400 | H6: 719400 | I6: 899400
A7: 8 | B7: 479040 | C7: 575040 | D7: 671040 | E7: 767040 | F7: 863040 | G7: 959040 | H7: 1151040 | I7: 1439040
A8: 10 | B8: 598800 | C8: 718800 | D8: 838800 | E8: 958800 | F8: 1078800 | G8: 1198800 | H8: 1438800 | I8: 1798800
A9: 15 | B9: 898200 | C9: 1078200 | D9: 1258200 | E9: 1438200 | F9: 1618200 | G9: 1798200 | H9: 2158200 | I9: 2698200
A10: 20 | B10: 1197600 | C10: 1437600 | D10: 1677600 | E10: 1917600 | F10: 2157600 | G10: 2397600 | H10: 2877600 | I10: 3597600
A11: 25 | B11: 1497000 | C11: 1797000 | D11: 2097000 | E11: 2397000 | F11: 2697000 | G11: 2997000 | H11: 3597000 | I11: 4497000
A12: 30 | B12: 1796400 | C12: 2156400 | D12: 2516400 | E12: 2876400 | F12: 3236400 | G12: 3596400 | H12: 4316400 | I12: 5396400
A14: Churn etkisi — 12. ay aktif klinik
A16: Aylık churn | B16: 8. ay aktif (başlangıç rampa) | C16: 12. ay MRR (₺)
A17: %2 | B17: 5 | C17: 39950
A18: %3 | B18: 4 | C18: 31960
A19: %4 | B19: 4 | C19: 31960
A20: %5 | B20: 4 | C20: 31960
A21: %6 | B21: 4 | C21: 31960
A22: %8 | B22: 4 | C22: 31960
A23: Senaryo | B23: Varsayım | C23: 12. ay MRR | D23: Yorum
A24: Kötü | B24: 3 klinik, 5.990 ₺ | C24: 215640 | D24: Satış yavaş
A25: Gerçekçi | B25: Finans modeli | C25: =Finans!E28 | D25: Rampaya bağlı
A26: İyi | B26: 12 klinik, 7.990 ₺ | C26: 1150560 | D26: Referans etkisi güçlü
A27: Agresif | B27: 20 klinik, 8.490 ₺ | C27: 2037600 | D27: 2 satışçı gerekir

Sheet API Maliyet
A1: API MALİYET HESAPLAYICI
A2: Klinik büyüklüğüne göre aylık değişken maliyet
A4: Profil | B4: WA konuşma/ay | C4: OpenAI token payı (₺) | D4: Diğer API (₺) | E4: Toplam (₺/ay)
A5: Küçük (1 hekim) | B5: 200 | C5: 150 | D5: 50 | E5: 400
A6: Orta (3 hekim) ★ | B6: 800 | C6: 500 | D6: 200 | E6: 1200
A7: Büyük (6+ hekim) | B7: 2000 | C7: 1200 | D7: 500 | E7: 2800
A8: Zincir (3 şube) | B8: 5000 | C8: 3000 | D8: 1200 | E8: 6500
A11: API | B11: Birim fiyat | C11: Tahmini kullanım | D11: Aylık (₺) | E11: Not
A12: OpenAI gpt-4o-mini | B12: ~$0,15/1M token | C12: 5M token/klinik | D12: 285 | E12: USD/TRY=38
A13: WhatsApp Business (Meta) | B13: $0,05-0,15/konuşma | C13: 500-2000 | D13: 1900 | E13: Pazarlama vs hizmet
A14: Vercel Pro (paylaşımlı) | B14: $20/ay | C14: Tüm platform | D14: 760 | E14: Sabit pay
A15: VPS (paylaşımlı) | B15: 170 ₺ | C15: Tüm platform | D15: 170 | E15: 10 klinikte ~17 ₺/klinik
A16: İYS API | B16: Sabit + işlem | C16: Tüm platform | D16: 500 | E16: Ticari mesaj
A17: E-posta bildirim | B17: Ücretsiz katman | C17: 1000/ay | D17: 0 | E17: Resend
A18: Google Business API | B18: Ücretsiz okuma | C18: — | D18: 0 | E18: Yayınlama ayrı
A19: Supabase (self-host) | B19: VPS içi | C19: — | D19: 0 | E19: TR sunucu
A22: Marj kontrolü: Profesyonel paket 7.990 ₺ — orta klinik API ~1.200 ₺ → brüt marj ~%85 (destek hariç)

Sheet Maliyet Dağılımı
A1: AYLIK MALİYET DAĞILIMI (satışa hazır senaryo)
A4: Kalem | B4: ₺/ay
A5: VPS + altyapı | B5: 620
A6: Vercel | B6: 760
A7: OpenAI | B7: 1500
A8: WhatsApp Meta | B8: 2000
A9: Hukuk/KVKK | B9: 2500
A10: İYS | B10: 500
A11: Araçlar | B11: 800
A12: Freelance dev | B12: 45000

Sheet Fiyatlandırma
A1: PAKETLER & ÖZELLİK MATRİSİ
A4: Özellik | B4: Başlangıç 4.990₺ | C4: Profesyonel ★ 7.990₺ | D4: Kurumsal 14.990₺ | E4: Enterprise
A5: WhatsApp Inbox | B5: ✓ | C5: ✓ | D5: ✓ | E5: ✓
A6: Web chatbot | B6: ✓ | C6: ✓ | D6: ✓ | E6: ✓
A7: AI taslak yanıt | B7: ✓ | C7: ✓ | D7: ✓ | E7: ✓
A8: NPS / Feedback loop | B8: — | C8: ✓ | D8: ✓ | E8: ✓
A9: Google yorum AI | B9: — | C9: ✓ | D9: ✓ | E9: ✓
A10: İtibar (Sentinel) | B10: — | C10: ✓ | D10: ✓ | E10: ✓
A11: Recall kampanya | B11: — | C11: ✓ | D11: ✓ | E11: ✓
A12: eNPS (çalışan) | B12: — | C12: — | D12: ✓ | E12: ✓
A13: HBYS entegrasyon | B13: — | C13: — | D13: ✓ | E13: ✓
A14: Çoklu şube | B14: — | C14: — | D14: ✓ | E14: ✓
A15: SLA + öncelikli destek | B15: — | C15: — | D15: ✓ | E15: ✓
... A23: Enterprise | B23: Teklif | C23: Teklif | D23: Özel | E23: Hastane
A25: ROI: Orta diş kliniği aylık 80-150 WhatsApp mesajı alır. Cevapsız %30 = 24-45 kayıp. 1 implant randevusu (~20.000 ₺) Nefalix'i 2,5 yıl öder. Google yıldız +0,3 = %5-12 daha fazla arama görünürlüğü.

Sheet Yol Haritası
A1: ÜRÜN & İŞ YOL HARİTASI
A2: 2026 H2 — 2027 | Gantt: ■ = aktif çalışma
A4: # | B4: Faz | C4: Klinik kazanır | D4: Biz yaparız | E4: Yatırım | F4: Haz | G4: Tem | H4: Ağu | I4: Eyl | J4: Eki | K4: Kas | L4: Ara | M4: Oca | N4: Şub | O4: Mar | P4: Nis | Q4: May
A5: 0 | B5: F0 Güven | C5: Panel çalışır | D5: VPS, otomasyon, sağlık | E5: Düşük | F5: ■ | G5: ■
A6: 1 | B6: F1 Günlük iş | C6: WA yanıt, Google onay | D6: Inbox UI, bildirim | E6: Orta | G6: ■ | H6: ■ | I6: ■
A7: 2 | B7: F2 Profesyonel | C7: Grafik, mobil, PDF | D7: UI redesign | E7: Orta | H7: ■ | I7: ■ | J7: ■
A8: 3 | B8: F3 Satış | C8: 5 ödeyen klinik | D8: Çoklu klinik, İYS | E8: Yüksek | I8: ■ | J8: ■ | K8: ■ | L8: ■
A9: 4 | B9: F4 Ölçek | C9: HBYS, resmi WA | D9: n8n→API geçiş | E9: Yüksek | L9: ■ | M9: ■ | N9: ■ | O9: ■
A10: 5 | B10: F5 Platform | C10: 10+ klinik | D10: SLA, yedek sunucu | E10: Orta | N10: ■ | O10: ■ | P10: ■ | Q10: ■
A11: 6 | B11: KVKK/İYS | C11: Yasal güvence | D11: Hukuk, envanter | E11: Düşük | G11: ■ | H11: ■
A12: 7 | B12: Satış GTM | C12: Yeni müşteri | D12: Case study, demo | E12: Orta | I12: ■ | J12: ■ | K12: ■ | L12: ■ | M12: ■ | N12: ■ | O12: ■ | P12: ■ | Q12: ■
A15: Faz | B15: Bitti sayılır eğer…
A16: F0 | B16: Medident yöneticisi haftada 5+ gün panele girer
A17: F1 | B17: Inbox yanıtlarının %80'i panelden gider
A18: F2 | B18: Mobil uyumlu; aylık PDF rapor tek tık
A19: F3 | B19: 5 klinik aktif fatura kesiliyor
A20: F4 | B20: n8n olmadan inbox + NPS çalışıyor
A21: F5 | B21: Net gelir > operasyon giderinin 3 katı

Sheet Uyumluluk
A1: KVKK / İYS / SAĞLIK UYUMLULUK CHECKLIST
A2: Satış öncesi tamamlanması gerekenler
A4: # | B4: Madde | C4: Öncelik | D4: Durum | E4: Not
A5: 1 | B5: VERBİS kaydı veya güncelleme | C5: P0 | D5: Yapılacak | E5: Veri sorumlusu olarak klinik + Nefalix iş ortaklığı netleştir
A6: 2 | B6: Aydınlatma metni (hasta) | C6: P0 | D6: Yapılacak | E6: Web + WhatsApp + form
A7: 3 | B7: Açık rıza metni (ticari ileti) | C7: P0 | D7: Yapılacak | E7: İYS öncesi şart
A8: 4 | B8: Veri işleme envanteri | C8: P0 | D8: Yapılacak | E8: Supabase tabloları listesi
A9: 5 | B9: İYS kayıt (şirket) | C9: P1 | D9: Yapılacak | E9: Ticari mesaj için
A10: 6 | B10: Veri işleyen sözleşmesi (DPA) | C10: P1 | D10: Yapılacak | E10: Klinik ↔ Nefalix
A11: 7 | B11: Sunucu lokasyon belgesi (TR) | C11: P0 | D11: Tamam | E11: Sunucumburada İstanbul
A12: 8 | B12: OpenAI veri işleme (DPA) | C12: P1 | D12: Yapılacak | E12: API — kişisel veri minimizasyonu
A13: 9 | B13: Saklama süresi politikası | C13: P1 | D13: Yapılacak | E13: Örn. 2 yıl sonra anonimleştir
A14: 10 | B14: Veri ihlali müdahale planı | C14: P2 | D14: Yapılacak | E14: 72 saat KVKK bildirimi
A15: 11 | B15: AI kullanım sınırı (tıbbi değil) | C15: P0 | D15: Tamam | E15: Operasyonel/randevu odaklı
A16: 12 | B16: WhatsApp ticari mesaj İYS kontrolü | C16: P1 | D16: Yapılacak | E16: Workflow + API

Sheet Uzman Görüşmeleri
A1: UZMAN GÖRÜŞMELERİ — SORU & CEVAP
A2: 5 disiplin; yol haritası bu görüşmelerle revize edildi
A4: Uzman | B4: Soru | C4: Cevap / Öneri
A5: SaaS Mimarı | B5: n8n'i ne zaman bırakmalıyız? | C5: 5 ödeyen klinikten sonra modül modül. Önce okuma/yazma API, sonra AI. n8n prototip olarak kalabilir.
A6: SaaS Mimarı | B6: Tek VPS yeterli mi? | C6: 8 kliniğe kadar evet. 10+ için DB ayrı sunucu veya yedekleme zorunlu.
A7: KVKK Avukatı | B7: Hasta verisi yurt dışına çıkar mı? | C7: OpenAI'ye giden prompt'ta isim/telefon maskeleme. Vercel sadece oturum — hasta tablosu yok.
A8: KVKK Avukatı | B8: Evolution WhatsApp yasal mı? | C8: Pilot tolere edilebilir; ticari ölçekte Meta resmi API + İYS şart.
A9: Diş Kliniği Sahibi | B9: Buna neden para vereyim? | C9: Kaçan WhatsApp = kayıp implant. Google yorum = yeni hasta. Sekreter yükü azalır.
A10: Diş Kliniği Sahibi | B10: Kurulum ne kadar sürer? | C10: 1-2 gün uzaktan. QR + panel eğitimi 1 saat.
A11: Satış Direktörü | B11: İlk 10 müşteriyi nasıl buluruz? | C11: Referans (Medident) + İstanbul yüz yüze + HBYS partner.
A12: Satış Direktörü | B12: Fiyat direnci nerede? | C12: 5.000 ₺ altı 'ucuz ve eksik' algısı. 8.000 ₺ orta klinik için sweet spot.
A13: Finans CFO | B13: Yıl 1 neden zarar? | C13: SaaS normali. CAC + geliştirici sabit. Yıl 2'de marj açılır.
A14: Finans CFO | B14: Kurulum ücreti şart mı? | C14: Evet — nakit akışı ve ciddiyet filtresi. 14.900 ₺ önerilir.
A15: Ürün UX | B15: İlk ne geliştirilmeli? | C15: Inbox thread + Google onay. Grafikler sonra.
... A19: Rakip Analisti | B19: Podium neden tehdit değil? | C19: TR yok, TL fiyat yok, KVKK uyumu yok. Yerel avantaj.

Sheet Rekabet
A1: REKABET SKOR KARTI
A2: 1=düşük 5=yüksek — Nefalix hedef pazar: orta diş kliniği TR
A4: Kriter | B4: Nefalix | C4: Yerel WA CRM | D4: Bulut Klinik | E4: Podium | F4: Manuel | G4: Ajans
A5: Fiyat | B5: 4 | C5: 5 | D5: 3 | E5: 1 | F5: 5 | G5: 2
A6: AI | B6: 5 | C6: 2 | D6: 1 | E6: 4 | F6: 1 | G6: 2
A7: WhatsApp | B7: 5 | C7: 4 | D7: 2 | E7: 4 | F7: 3 | G7: 3
A8: Google yorum | B8: 5 | C8: 1 | D8: 2 | E8: 5 | F8: 2 | G8: 4
A9: KVKK/TR | B9: 5 | C9: 3 | D9: 4 | E9: 1 | F9: 5 | G9: 3
A10: Kolay kurulum | B10: 4 | C10: 5 | D10: 3 | E10: 2 | F10: 5 | G10: 2
A11: Destek TR | B11: 5 | C11: 4 | D11: 4 | E11: 1 | F11: 5 | G11: 4
A14: Segment | B14: Büyüklük | C14: Nefalix hedef
A15: TAM | B15: ~25.000 diş kliniği TR | C15: Uzun vadeli
A16: SAM | B16: ~4.000 dijital olgun klinik | C16: 3-5 yıl
A17: SOM (3 yıl) | B17: 150 klinik | C17: %3,75 SAM
A18: SOM (1 yıl) | B18: 8-10 klinik | C18: Gerçekçi pilot sonrası

Sheet Müşteri Yolculuğu
A1: KLİNİK MÜŞTERİ YOLCULUĞU
A2: İlk temas → sadık müşteri
A4: Aşama | B4: Süre | C4: Klinik ne yaşar? | D4: Biz ne yaparız? | E4: Çıktı | F4: Maliyet
A5: 1. Demo | B5: 30 dk | C5: Canlı panel görür | D5: Medident verisiyle demo | E5: İlgi | F5: 0
A6: 2. Teklif | B6: 3-5 gün | C6: Paket + fiyat | D6: ROI hesabı sunarız | E6: Onay | F6: CAC başlar
A7: 3. Sözleşme | B7: 1 hafta | C7: KVKK + DPA imza | D7: Hukuk metinleri | E7: Yasal OK | F7: ~2.500 ₺
A8: 4. Kurulum | B8: 1-2 gün | C8: QR, panel, eğitim | D8: Onboarding script | E8: Canlı | F8: 8-12 saat iş
A9: 5. Go-live | B9: Hafta 1 | C9: İlk mesajlar gelir | D9: Destek hattı | E9: İlk değer | F9: Destek
A10: 6. Başarı | B10: Ay 1-3 | C10: NPS + yorum artışı | D10: Aylık check-in | E10: Case study | F10: 0
A11: 7. Genişleme | B11: Ay 6+ | C11: 2. şube / referans | D11: Upsell kurumsal | E11: LTV artışı | F11: Düşük CAC

Sheet Ekip Planı
A1: EKİP & İŞE ALIM PLANI
A4: Rol | B4: Ne zaman? | C4: Zaman | D4: Aylık (₺) | E4: Görev
A5: Kurucu / CEO | B5: Şimdi | C5: Full | D5: Hisse | E5: Vizyon, satış, ürün
A6: Freelance developer | B6: Tem 2026 | C6: %50 | D6: 45.000 | E6: Panel + API geçişi
A7: Hukuk (KVKK) | B7: Tem 2026 | C7: Proje | D7: 25.000 (tek) | E7: Sözleşmeler
A8: Satış / BD | B8: Eyl 2026 | C8: %50 | D8: 30.000 | E8: Demo, kapanış
A9: Müşteri desteği | B9: 10. klinik | C9: %50 | D9: 22.000 | E9: Ticket, eğitim
A10: Full-time developer | B10: 20. klinik | C10: Full | D10: 80.000 | E10: Ölçek, HBYS

Sheet Medident Pilot
A1: MEDIDENT İSTANBUL — PİLOT SKOR KARTI
A2: clinic_id: 51738ea8-c12e-40ce-a0e2-42869496d76b
A4: Metrik | B4: Hedef | C4: Şu an | D4: Durum
A5: Panel erişilebilirlik | B5: %99 | C5: VPS askı | D5: 🔴
A6: Haftalık panel girişi (yönetici) | B6: 5+/hafta | C6: — | D6: ⏳
A7: Inbox yanıt panelden | B7: %80 | C7: — | D7: ⏳
A8: Google yorum onay oranı | B8: %50 | C8: — | D8: ⏳
A9: WhatsApp bağlı | B9: Evet | C9: QR gerekli | D9: 🟡
A10: NPS ortalama | B10: >8 | C10: — | D10: ⏳
A11: Google puan değişimi | B11: +0,2 | C11: — | D11: ⏳
A12: Referans hazır (case study) | B12: Evet | C12: Hayır | D12: 🟡

Sheet Yatırımcı
A1: YATIRIMCI / ORTAK ÖZETİ
A2: SaaS metrikleri — formüller Finans sayfasına bağlı
A4: Metrik | B4: Değer | C4: Formül / kaynak | D4: Sektör benchmark
A5: MRR (ay 12) | B5: =Finans!E28 | C5: Aktif × ARPU | D5: Erken stage: 50K+ ₺ iyi
A6: ARR (ay 12) | B6: =Finans!E28*12 | C6: MRR × 12 | D6: —
A7: Brüt marj | B7: %82 | C7: Birim ekonomi | D7: SaaS: >70%
A8: CAC | B8: 12.000 ₺ | C8: Girdiler | D8: B2B SMB: 5-20K ₺
A9: LTV (18 ay) | B9: 143.820 ₺ | C9: 7990×18 | D9: —
A10: LTV/CAC | B10: 12x | C10: LTV/CAC | D10: >3x sağlıklı
A11: Churn | B11: %4/ay | C11: Girdiler | D11: SMB: 3-7%
A12: Payback | B12: ~1,5 ay | C12: CAC/ARPU | D12: <12 ay iyi
A13: Burn (ort Y1) | B13: =Finans!N42 | C13: Finans modeli | D13: —
A14: Runway | B14: =Finans!N43 | C14: Nakit/burn | D14: >12 ay güvenli
A16: Kilometre taşı | B16: Tarih | C16: Değerleme etkisi
A17: Medident pilot canlı | B17: Tem 2026 | C17: Teknik risk düşer
A18: 3 ödeyen klinik | B18: Ara 2026 | C18: PMF sinyali
A19: 8 ödeyen klinik | B19: Haz 2027 | C19: Seed hazırlığı
A20: n8n → API tamam | B20: Eyl 2027 | C20: Ölçeklenebilirlik
A21: 50 klinik | B21: 2028 | C21: Series A adayı

Sheet KPI Takip
A1: AYLIK KPI TAKİP ŞABLONU
A2: Her ay doldurun — yönetim kurulu toplantısı
A4: KPI | B4: Tem | C4: Ağu | D4: Eyl | E4: Eki | F4: Kas | G4: Ara | H4: Oca | I4: Şub | J4: Mar | K4: Nis | L4: May | M4: Haz | N4: Hedef
A5: Aktif klinik | N5: 8
A6: MRR (₺) | N6: 64000
A7: Yeni klinik | N7: —
A8: Churn (klinik) | N8: 0
A9: Panel kullanım % | N9: 85
A10: Inbox yanıt süresi (saat) | N10: 2
A11: NPS ortalama | N11: 8.5
A12: Destek ticket | N12: 10
A13: Uptime % | N13: 99.5

Sheet Aksiyonlar
A1: 180 GÜNLÜK AKSİYON PLANI
A4: # | B4: Aksiyon | C4: Sorumlu | D4: Tarih | E4: ₺ | F4: P | G4: Etki
A5: 1 | B5: VPS askı kaldır | C5: Teknik | D5: Haz 26 | E5: 0 | F5: P0 | G5: Blokaj
A6: 2 | B6: KVKK paketi | C6: Hukuk | D6: Tem 26 | E6: 25000 | F6: P0 | G6: Satış öncesi
A7: 3 | B7: Medident eğitim | C7: Ops | D7: Tem 26 | E7: 0 | F7: P0 | G7: Adoption
A8: 4 | B8: Sağlık göstergesi UI | C8: Dev | D8: Tem 26 | E8: 0 | F8: P1 | G8: Güven
A9: 5 | B9: Google onay ekranı | C9: Dev | D9: Ağu 26 | E9: 0 | F9: P1 | G9: Değer
A10: 6 | B10: Inbox thread UI | C10: Dev | D10: Ağu 26 | E10: 0 | F10: P1 | G10: Değer
A11: 7 | B11: İYS kayıt | C11: Ops | D11: Ağu 26 | E11: 6000 | F11: P1 | G11: Yasal
A12: 8 | B12: Case study video | C12: Satış | D12: Eyl 26 | E12: 5000 | F12: P1 | G12: GTM
A13: 9 | B13: 2. pilot klinik | C13: Satış | D13: Eki 26 | E13: 0 | F13: P2 | G13: PMF
A14: 10 | B14: Mobil responsive | C14: Dev | D14: Eki 26 | E14: 0 | F14: P2 | G14: UX
A15: 11 | B15: WA Business API | C15: Teknik | D15: Kas 26 | E15: 5000 | F15: P2 | G15: Ölçek
A16: 12 | B16: API v1 (Supabase read) | C16: Dev | D16: Ara 26 | E16: 0 | F16: P2 | G16: Mimari
... A19: 15 | B19: Yıllık bütçe revizyon | C19: Yönetim | D19: Haz 27 | E19: 0 | F19: P0 | G19: Plan

Sheet Varsayımlar
A1: VARSAYIMLAR & SORUMLULUK REDDİ
A4: 1 | B4: Finans modeli A-Girdiler sayfasındaki sarı hücrelere bağlıdır — değiştirince tüm tablo güncellenir.
A5: 2 | B5: USD/TRY = 38 (Haziran 2026 tahmini). Kur artışı API maliyetini artırır.
A6: 3 | B6: Churn %4/ay ilk yıl — iyileştirme ile %2,5'a düşürülebilir.
A7: 4 | B7: Medident pilot ücretsiz — gelir modeline dahil değil.
A8: 5 | B8: OpenAI ve Meta fiyatları değişkendir — API Maliyet sayfasına bakın.
A9: 6 | B9: Yıl 1 zarar SaaS'ta normaldir; yatırım yılı olarak planlayın.
A10: 7 | B10: Hukuki metinler avukat onayı gerektirir — bu rapor hukuki tavsiye değildir.
A11: 8 | B11: Rakip skorları çerçeve analizidir — birincil kaynak değildir.
A12: 9 | B12: Uzman Q&A sentetik çerçeve analizidir — resmi danışmanlık yerine geçmez.
A13: 10 | B13: VERBİS/İYS süreçleri klinik + Nefalix ortak sorumluluğundadır.
